"Catalogo de sismos - Servicio Sismologico Nacional (SSN) | UNAM - Mexico. DOI: 10.21766/SSNMX/EC/MX"
"Informacion sujeta a cambios. Archivo generado el 2026-04-08 a las 23:22:14 (tiempo del centro de Mexico)."
"Sismicidad del 1990-01-01 al 2024-12-31, todas las magnitudes, todas las profundidades, en Ciudad de Mexico."
"Total: 438 eventos."
Fecha,Hora,Magnitud,Latitud,Longitud,Profundidad,"Referencia de localizacion","Fecha UTC","Hora UTC","Estatus"
1990-02-12,05:47:49,3.5,19.37,-99.2,4.0,"3 km al SUR de V ALVARO OBREGON, CDMX",1990-02-12,11:47:49,revisado
1990-03-17,18:49:18,3.2,19.22,-99.18,5.0,"3 km al ESTE de S MIGUEL AJUSCO, CDMX",1990-03-18,00:49:18,revisado
1990-04-22,06:37:53,3.3,19.37,-99.3,6.0,"2 km al SUROESTE de CUAJIMALPA, CDMX",1990-04-22,12:37:53,revisado
1991-08-18,07:18:12,3.8,19.33,-99.24,1.0,"3 km al OESTE de LA MAGDALENA C, CDMX",1991-08-18,13:18:12,revisado
1993-08-04,16:29:35,3.3,19.27,-99.02,12.0,"4 km al NOROESTE de S JUAN IXTAYOPAN, CDMX",1993-08-04,22:29:35,revisado
1994-02-01,17:21:38,3.8,19.47,-99.08,13.0,"4 km al SURESTE de GUSTAVO A. MADERO, CDMX",1994-02-01,23:21:38,revisado
1995-12-31,21:23:35,2.9,19.17,-98.98,11.0,"5 km al SURESTE de MILPA ALTA, CDMX",1996-01-01,03:23:35,revisado
1996-09-25,03:29:48,3.2,19.44,-99.1,6.0,"3 km al NORESTE de VENUSTIANO CARRANZA, CDMX",1996-09-25,08:29:48,revisado
1997-09-20,08:43:41,3.4,19.27,-99.17,7.0,"3 km al OESTE de XOCHIMILCO, CDMX",1997-09-20,13:43:41,revisado
1998-02-08,19:14:32,2.6,19.36,-99.19,11.0,"3 km al NOROESTE de COYOACAN, CDMX",1998-02-09,01:14:32,revisado
1998-08-18,11:27:33,2.9,19.18,-98.95,10.0,"5 km al SURESTE de S ANDRES MIXQUIC, CDMX",1998-08-18,16:27:33,revisado
1998-08-18,13:52:49,2.9,19.19,-98.99,3.0,"3 km al SUR de S ANTONIO TECOMITL, CDMX",1998-08-18,18:52:49,revisado
1998-09-08,17:19:57,3.2,19.46,-99.05,5.0,"7 km al SURESTE de GUSTAVO A. MADERO, CDMX",1998-09-08,22:19:57,revisado
1998-09-25,20:01:40,2.3,19.4,-99.06,13.0,"4 km al ESTE de IZTACALCO, CDMX",1998-09-26,01:01:40,revisado
1999-01-28,17:56:13,2.7,19.44,-99.21,9.0,"4 km al NOROESTE de MIGUEL HIDALGO, CDMX",1999-01-28,23:56:13,revisado
1999-04-06,07:20:04,2.8,19.38,-99.09,13.0,"2 km al SURESTE de IZTACALCO, CDMX",1999-04-06,12:20:04,revisado
1999-05-19,15:23:06,3.1,19.19,-98.96,5.0,"4 km al SUR de S ANDRES MIXQUIC, CDMX",1999-05-19,20:23:06,revisado
1999-05-22,01:57:26,3.1,19.18,-98.97,4.0,"5 km al SURESTE de S ANTONIO TECOMITL, CDMX",1999-05-22,06:57:26,revisado
1999-05-28,12:05:21,2.6,19.28,-98.98,3.0,"4 km al NORESTE de S JUAN IXTAYOPAN, CDMX",1999-05-28,17:05:21,revisado
1999-06-06,19:24:14,3.3,19.17,-98.96,5.0,"6 km al SUR de S ANDRES MIXQUIC, CDMX",1999-06-07,00:24:14,revisado
1999-07-25,09:26:01,3.6,19.19,-98.96,2.0,"4 km al SUR de S ANDRES MIXQUIC, CDMX",1999-07-25,14:26:01,revisado
1999-08-07,08:49:53,3.2,19.17,-98.97,16.0,"6 km al SURESTE de S ANTONIO TECOMITL, CDMX",1999-08-07,13:49:53,revisado
1999-12-15,22:25:07,2.6,19.28,-99.2,20.0,"4 km al SURESTE de TLALPAN, CDMX",1999-12-16,04:25:07,revisado
1999-12-15,22:26:32,3.0,19.27,-99.14,36.0,"1 km al SUR de XOCHIMILCO, CDMX",1999-12-16,04:26:32,revisado
1999-12-15,22:31:04,2.4,19.27,-99.21,9.0,"5 km al SURESTE de TLALPAN, CDMX",1999-12-16,04:31:04,revisado
2000-04-10,02:53:23,2.6,19.22,-98.99,14.0,"menos de 1 km al NOROESTE de S ANTONIO TECOMITL, CDMX",2000-04-10,07:53:23,revisado
2000-07-06,08:15:34,3.4,19.19,-98.96,5.0,"4 km al SUR de S ANDRES MIXQUIC, CDMX",2000-07-06,13:15:34,revisado
2000-10-13,21:44:48,3.1,19.36,-99.19,12.0,"3 km al NOROESTE de COYOACAN, CDMX",2000-10-14,02:44:48,revisado
2000-10-15,02:50:43,2.7,19.39,-99.11,5.0,"1 km al SUROESTE de IZTACALCO, CDMX",2000-10-15,07:50:43,revisado
2001-04-16,23:14:35,3.1,19.19,-98.97,14.0,"4 km al SURESTE de S ANTONIO TECOMITL, CDMX",2001-04-17,05:14:35,revisado
2001-09-14,12:13:15,2.9,19.31,-99.3,14.0,"3 km al SURESTE de SAN LORENZO ACOPILCO, CDMX",2001-09-14,17:13:15,revisado
2003-01-08,15:27:22,3.0,19.18,-98.97,13.0,"5 km al SURESTE de S ANTONIO TECOMITL, CDMX",2003-01-08,21:27:22,revisado
2003-05-17,01:31:58,3.1,19.4,-99.12,18.0,"2 km al SUROESTE de VENUSTIANO CARRANZA, CDMX",2003-05-17,06:31:58,revisado
2003-09-25,20:53:36,2.9,19.47,-99.07,8.0,"5 km al SURESTE de GUSTAVO A. MADERO, CDMX",2003-09-26,01:53:36,revisado
2003-09-25,22:17:43,2.9,19.49,-99.08,4.0,"4 km al ESTE de GUSTAVO A. MADERO, CDMX",2003-09-26,03:17:43,revisado
2003-11-10,22:53:42,3.1,19.16,-98.98,32.0,"6 km al SURESTE de MILPA ALTA, CDMX",2003-11-11,04:53:42,revisado
2003-11-11,02:43:56,3.3,19.21,-98.95,12.0,"2 km al SURESTE de S ANDRES MIXQUIC, CDMX",2003-11-11,08:43:56,revisado
2003-11-15,21:17:13,4.0,19.18,-98.97,7.0,"5 km al SURESTE de S ANTONIO TECOMITL, CDMX",2003-11-16,03:17:13,revisado
2003-11-15,23:04:20,3.2,19.18,-98.97,15.0,"5 km al SURESTE de S ANTONIO TECOMITL, CDMX",2003-11-16,05:04:20,revisado
2003-11-21,23:53:42,3.1,19.48,-99.08,7.0,"3 km al ESTE de GUSTAVO A. MADERO, CDMX",2003-11-22,05:53:42,revisado
2003-11-25,23:04:26,3.6,19.19,-98.97,4.0,"4 km al SURESTE de S ANTONIO TECOMITL, CDMX",2003-11-26,05:04:26,revisado
2004-01-07,20:28:52,3.3,19.13,-98.97,2.0,"9 km al SURESTE de MILPA ALTA, CDMX",2004-01-08,02:28:52,revisado
2004-09-13,15:58:34,3.1,19.42,-99.17,11.0,"2 km al NOROESTE de BENITO JUAREZ, CDMX",2004-09-13,20:58:34,revisado
2004-12-11,00:18:02,3.2,19.38,-99.29,2.0,"1 km al NOROESTE de CUAJIMALPA, CDMX",2004-12-11,06:18:02,revisado
2004-12-14,11:47:34,3.3,19.18,-98.98,27.0,"4 km al SUR de S ANTONIO TECOMITL, CDMX",2004-12-14,17:47:34,revisado
2005-04-16,18:04:07,3.4,19.41,-99.07,19.0,"3 km al NORESTE de IZTACALCO, CDMX",2005-04-16,23:04:07,revisado
2005-05-12,03:06:25,3.4,19.2,-98.97,37.0,"3 km al SURESTE de S ANTONIO TECOMITL, CDMX",2005-05-12,08:06:25,revisado
2005-08-23,02:19:44,3.4,19.16,-99.14,4.0,"4 km al SUR de S MIGUEL TOPILEJO, CDMX",2005-08-23,07:19:44,revisado
2005-10-16,02:04:02,3.1,19.35,-99.09,5.0,"1 km al SURESTE de IZTAPALAPA, CDMX",2005-10-16,07:04:02,revisado
2005-10-16,09:12:36,3.5,19.3,-99.2,14.0,"3 km al SURESTE de TLALPAN, CDMX",2005-10-16,14:12:36,revisado
2005-10-16,09:35:09,3.2,19.31,-99.14,14.0,"4 km al NORTE de XOCHIMILCO, CDMX",2005-10-16,14:35:09,revisado
2006-03-11,19:41:32,3.6,19.17,-98.95,2.0,"6 km al SUR de S ANDRES MIXQUIC, CDMX",2006-03-12,01:41:32,revisado
2006-03-11,19:47:21,3.4,19.18,-98.96,5.0,"5 km al SUR de S ANDRES MIXQUIC, CDMX",2006-03-12,01:47:21,revisado
2006-05-05,10:24:06,3.5,19.17,-98.95,1.0,"6 km al SUR de S ANDRES MIXQUIC, CDMX",2006-05-05,15:24:06,revisado
2006-07-28,10:37:14,3.5,19.51,-99.06,5.0,"6 km al NORESTE de GUSTAVO A. MADERO, CDMX",2006-07-28,15:37:14,revisado
2007-01-25,08:38:22,3.7,19.18,-99.16,30.0,"3 km al SUROESTE de S MIGUEL TOPILEJO, CDMX",2007-01-25,14:38:22,revisado
2008-11-23,04:03:23,2.2,19.35,-99.25,12.0,"4 km al NOROESTE de LA MAGDALENA C, CDMX",2008-11-23,10:03:23,verificado
2008-11-23,04:11:53,2.5,19.34,-99.24,11.0,"3 km al NOROESTE de LA MAGDALENA C, CDMX",2008-11-23,10:11:53,verificado
2008-11-23,04:52:39,1.6,19.34,-99.24,9.0,"3 km al NOROESTE de LA MAGDALENA C, CDMX",2008-11-23,10:52:39,verificado
2009-07-11,16:29:33,2.9,19.34,-99.15,8.0,"2 km al SURESTE de COYOACAN, CDMX",2009-07-11,21:29:33,revisado
2009-10-26,17:45:13,3.0,19.24,-99.18,9.0,"4 km al NORESTE de S MIGUEL AJUSCO, CDMX",2009-10-26,23:45:13,revisado
2010-02-11,04:04:03,2.6,19.28,-99.16,12.0,"2 km al OESTE de XOCHIMILCO, CDMX",2010-02-11,10:04:03,revisado
2010-06-24,10:36:17,3.1,19.38,-99.15,14.0,"3 km al SURESTE de BENITO JUAREZ, CDMX",2010-06-24,15:36:17,revisado
2010-07-05,12:22:22,3.2,19.2,-98.95,5.0,"3 km al SURESTE de S ANDRES MIXQUIC, CDMX",2010-07-05,17:22:22,revisado
2012-10-21,04:34:19,3.5,19.1153,-99.2518,5.0,"12 km al SUROESTE de S MIGUEL AJUSCO, CDMX",2012-10-21,09:34:19,revisado
2013-01-18,22:47:44,2.9,19.3525,-99.1687,10.4,"1 km al NOROESTE de COYOACAN, CDMX",2013-01-19,04:47:44,revisado
2013-05-10,15:45:28,1.8,19.2933,-99.2935,1.6,"5 km al SURESTE de SAN LORENZO ACOPILCO, CDMX",2013-05-10,20:45:28,revisado
2013-06-15,19:21:12,2.7,19.3855,-99.1425,8.5,"2 km al SURESTE de BENITO JUAREZ, CDMX",2013-06-16,00:21:12,revisado
2013-06-15,20:14:25,2.9,19.39,-99.1392,3.0,"2 km al SURESTE de BENITO JUAREZ, CDMX",2013-06-16,01:14:25,revisado
2013-06-16,12:10:18,2.9,19.3918,-99.0988,1.0,"menos de 1 km al SUROESTE de IZTACALCO, CDMX",2013-06-16,17:10:18,revisado
2013-06-16,13:00:59,2.4,19.2992,-99.173,4.0,"4 km al NOROESTE de XOCHIMILCO, CDMX",2013-06-16,18:00:59,revisado
2013-06-16,13:15:22,2.7,19.3467,-99.1317,1.0,"3 km al ESTE de COYOACAN, CDMX",2013-06-16,18:15:22,revisado
2013-06-17,12:19:28,2.3,19.356,-99.1258,1.0,"3 km al OESTE de IZTAPALAPA, CDMX",2013-06-17,17:19:28,revisado
2013-06-17,12:20:08,2.9,19.3695,-99.0872,1.0,"1 km al NORESTE de IZTAPALAPA, CDMX",2013-06-17,17:20:08,revisado
2013-06-17,13:41:53,2.1,19.3708,-99.12,1.7,"3 km al NOROESTE de IZTAPALAPA, CDMX",2013-06-17,18:41:53,revisado
2013-06-18,18:53:07,2.7,19.3638,-99.1188,5.0,"3 km al OESTE de IZTAPALAPA, CDMX",2013-06-18,23:53:07,revisado
2013-08-25,05:23:30,2.2,19.3197,-99.097,4.0,"4 km al SUR de IZTAPALAPA, CDMX",2013-08-25,10:23:30,revisado
2013-08-25,10:47:04,2.3,19.3115,-99.1022,1.1,"5 km al OESTE de TLAHUAC, CDMX",2013-08-25,15:47:04,revisado
2013-08-25,15:35:01,2.1,19.353,-99.1213,5.0,"3 km al OESTE de IZTAPALAPA, CDMX",2013-08-25,20:35:01,revisado
2013-08-25,15:43:41,2.3,19.3725,-99.0995,9.5,"2 km al NOROESTE de IZTAPALAPA, CDMX",2013-08-25,20:43:41,revisado
2013-08-25,16:03:44,2.2,19.3507,-99.196,2.0,"3 km al NORESTE de LA MAGDALENA C, CDMX",2013-08-25,21:03:44,revisado
2013-12-01,12:04:38,2.2,19.3755,-99.1875,5.6,"3 km al SURESTE de V ALVARO OBREGON, CDMX",2013-12-01,18:04:38,revisado
2013-12-02,04:09:15,2.0,19.3385,-99.1945,1.5,"2 km al NORESTE de LA MAGDALENA C, CDMX",2013-12-02,10:09:15,revisado
2014-07-19,06:57:21,2.9,19.1497,-98.9523,4.3,"8 km al SUR de S ANDRES MIXQUIC, CDMX",2014-07-19,11:57:21,revisado
2014-08-03,09:02:08,1.9,19.3173,-99.249,3.0,"3 km al NOROESTE de TLALPAN, CDMX",2014-08-03,14:02:08,revisado
2014-08-24,06:32:25,2.6,19.2528,-99.1095,3.7,"4 km al SURESTE de XOCHIMILCO, CDMX",2014-08-24,11:32:25,revisado
2014-09-05,19:26:28,2.1,19.443,-99.0585,9.3,"7 km al NORESTE de VENUSTIANO CARRANZA, CDMX",2014-09-06,00:26:28,revisado
2014-09-29,02:05:55,2.1,19.3772,-99.2607,3.0,"3 km al ESTE de CUAJIMALPA, CDMX",2014-09-29,07:05:55,revisado
2014-10-06,21:54:56,2.2,19.2253,-99.0972,3.2,"4 km al NORTE de S SALVADOR CUAUHTENCO, CDMX",2014-10-07,02:54:56,revisado
2014-10-06,22:04:11,2.4,19.2295,-99.0892,3.0,"4 km al NORTE de S SALVADOR CUAUHTENCO, CDMX",2014-10-07,03:04:11,revisado
2014-11-28,13:10:35,2.0,19.3753,-99.2245,8.0,"4 km al SUROESTE de V ALVARO OBREGON, CDMX",2014-11-28,19:10:35,revisado
2014-12-01,02:50:06,3.4,19.353,-99.2158,2.0,"2 km al NORTE de LA MAGDALENA C, CDMX",2014-12-01,08:50:06,revisado
2014-12-01,03:12:16,2.1,19.3548,-99.2268,3.9,"3 km al NOROESTE de LA MAGDALENA C, CDMX",2014-12-01,09:12:16,revisado
2014-12-01,04:02:13,2.3,19.3673,-99.2317,4.6,"4 km al NOROESTE de LA MAGDALENA C, CDMX",2014-12-01,10:02:13,revisado
2014-12-01,04:45:47,2.2,19.36,-99.2287,1.6,"3 km al NOROESTE de LA MAGDALENA C, CDMX",2014-12-01,10:45:47,revisado
2014-12-01,20:40:47,1.4,19.3582,-99.2225,5.2,"3 km al NOROESTE de LA MAGDALENA C, CDMX",2014-12-02,02:40:47,revisado
2015-02-14,21:17:43,1.9,19.157,-98.9508,10.7,"8 km al SUR de S ANDRES MIXQUIC, CDMX",2015-02-15,03:17:43,revisado
2015-04-09,03:38:16,2.3,19.4022,-99.0728,7.0,"3 km al NORESTE de IZTACALCO, CDMX",2015-04-09,08:38:16,revisado
2015-06-21,11:52:12,1.8,19.3293,-99.1553,4.2,"2 km al SURESTE de COYOACAN, CDMX",2015-06-21,16:52:12,revisado
2015-07-19,17:09:39,2.0,19.3973,-99.233,5.0,"3 km al OESTE de V ALVARO OBREGON, CDMX",2015-07-19,22:09:39,revisado
2015-08-23,05:39:02,2.3,19.241,-99.1818,3.0,"4 km al NORESTE de S MIGUEL AJUSCO, CDMX",2015-08-23,10:39:02,revisado
2015-09-12,19:06:27,1.9,19.3905,-99.1535,2.0,"1 km al SURESTE de BENITO JUAREZ, CDMX",2015-09-13,00:06:27,revisado
2015-10-24,00:28:32,1.9,19.424,-99.19,2.0,"2 km al NORTE de MIGUEL HIDALGO, CDMX",2015-10-24,05:28:32,revisado
2016-08-19,09:03:59,1.9,19.4465,-99.1848,5.0,"4 km al SUR de AZCAPOTZALCO, CDMX",2016-08-19,14:03:59,revisado
2016-11-03,11:47:38,2.1,19.35,-99.352,3.0,"4 km al NOROESTE de SAN LORENZO ACOPILCO, CDMX",2016-11-03,17:47:38,revisado
2017-02-28,18:57:36,2.4,19.349,-99.1397,4.5,"2 km al ESTE de COYOACAN, CDMX",2017-03-01,00:57:36,revisado
2017-02-28,20:47:14,2.4,19.35,-99.1487,5.9,"1 km al ESTE de COYOACAN, CDMX",2017-03-01,02:47:14,revisado
2017-03-01,03:56:52,2.6,19.338,-99.1462,5.6,"2 km al SURESTE de COYOACAN, CDMX",2017-03-01,09:56:52,revisado
2017-03-01,03:57:21,2.4,19.3417,-99.1345,2.2,"3 km al SURESTE de COYOACAN, CDMX",2017-03-01,09:57:21,revisado
2017-03-01,20:27:12,1.8,19.339,-99.145,5.1,"2 km al SURESTE de COYOACAN, CDMX",2017-03-02,02:27:12,revisado
2017-03-02,07:01:45,1.5,19.339,-99.145,5.1,"2 km al SURESTE de COYOACAN, CDMX",2017-03-02,13:01:45,revisado
2017-05-15,07:58:04,2.6,19.3458,-99.2348,9.3,"3 km al NOROESTE de LA MAGDALENA C, CDMX",2017-05-15,12:58:04,revisado
2017-06-16,06:43:07,2.4,19.3932,-99.1357,5.0,"3 km al SURESTE de BENITO JUAREZ, CDMX",2017-06-16,11:43:07,revisado
2017-07-16,14:04:59,1.7,19.3908,-99.3862,3.0,"9 km al NOROESTE de SAN LORENZO ACOPILCO, CDMX",2017-07-16,19:04:59,revisado
2017-09-09,21:54:12,2.7,19.2965,-99.1813,8.5,"5 km al SURESTE de TLALPAN, CDMX",2017-09-10,02:54:12,revisado
2017-09-20,00:14:01,1.7,19.276,-99.2058,4.5,"4 km al SURESTE de TLALPAN, CDMX",2017-09-20,05:14:01,revisado
2017-09-20,00:25:27,1.3,19.337,-99.2043,4.8,"1 km al NORESTE de LA MAGDALENA C, CDMX",2017-09-20,05:25:27,revisado
2017-09-20,03:03:53,1.9,19.3773,-99.2663,2.0,"2 km al ESTE de CUAJIMALPA, CDMX",2017-09-20,08:03:53,revisado
2017-09-20,04:32:55,1.3,19.266,-99.2108,2.2,"5 km al SURESTE de TLALPAN, CDMX",2017-09-20,09:32:55,revisado
2017-09-28,22:10:20,1.7,19.3487,-99.3265,1.1,"2 km al NORTE de SAN LORENZO ACOPILCO, CDMX",2017-09-29,03:10:20,revisado
2017-10-16,01:04:32,1.7,19.3285,-99.1655,2.0,"2 km al SUR de COYOACAN, CDMX",2017-10-16,06:04:32,revisado
2017-10-16,01:05:30,1.9,19.3292,-99.1775,2.1,"3 km al SUROESTE de COYOACAN, CDMX",2017-10-16,06:05:30,revisado
2017-10-17,02:00:26,1.8,19.318,-99.1677,3.0,"4 km al SUR de COYOACAN, CDMX",2017-10-17,07:00:26,revisado
2017-10-28,01:52:35,2.5,19.2183,-99.2253,2.4,"2 km al OESTE de S MIGUEL AJUSCO, CDMX",2017-10-28,06:52:35,revisado
2017-11-07,09:10:33,1.5,19.3895,-99.152,3.0,"2 km al SURESTE de BENITO JUAREZ, CDMX",2017-11-07,15:10:33,revisado
2017-11-09,04:10:36,1.5,19.3263,-99.1792,7.0,"3 km al SUROESTE de COYOACAN, CDMX",2017-11-09,10:10:36,revisado
2017-11-09,04:11:33,1.3,19.3463,-99.1518,7.0,"1 km al SURESTE de COYOACAN, CDMX",2017-11-09,10:11:33,revisado
2017-11-09,04:12:07,2.0,19.3763,-99.1855,8.5,"3 km al SURESTE de V ALVARO OBREGON, CDMX",2017-11-09,10:12:07,revisado
2017-11-15,05:25:44,1.8,19.272,-99.2733,14.1,"6 km al SUROESTE de TLALPAN, CDMX",2017-11-15,11:25:44,revisado
2017-12-29,01:38:57,2.5,19.3855,-99.1642,1.0,"2 km al SUROESTE de BENITO JUAREZ, CDMX",2017-12-29,07:38:57,revisado
2018-02-13,15:39:38,3.3,19.4608,-99.0723,2.0,"5 km al SURESTE de GUSTAVO A. MADERO, CDMX",2018-02-13,21:39:38,revisado
2018-03-24,17:24:26,3.3,19.1898,-98.9477,1.0,"4 km al SURESTE de S ANDRES MIXQUIC, CDMX",2018-03-24,23:24:26,revisado
2018-05-07,08:25:56,2.9,19.4012,-99.2277,6.6,"3 km al OESTE de V ALVARO OBREGON, CDMX",2018-05-07,13:25:56,revisado
2018-06-15,03:41:10,2.5,19.333,-99.1737,3.0,"2 km al SUROESTE de COYOACAN, CDMX",2018-06-15,08:41:10,revisado
2018-06-15,18:00:13,2.7,19.3945,-99.1868,1.5,"1 km al SURESTE de MIGUEL HIDALGO, CDMX",2018-06-15,23:00:13,revisado
2018-06-30,13:32:40,2.2,19.39,-99.153,3.5,"1 km al SURESTE de BENITO JUAREZ, CDMX",2018-06-30,18:32:40,revisado
2018-06-30,13:33:25,1.7,19.39,-99.153,3.5,"1 km al SURESTE de BENITO JUAREZ, CDMX",2018-06-30,18:33:25,revisado
2018-06-30,13:37:00,2.6,19.3895,-99.153,3.5,"1 km al SURESTE de BENITO JUAREZ, CDMX",2018-06-30,18:37:00,revisado
2018-07-15,20:23:52,1.7,19.4203,-99.1952,3.0,"2 km al NOROESTE de MIGUEL HIDALGO, CDMX",2018-07-16,01:23:52,revisado
2018-07-15,20:34:14,2.2,19.417,-99.215,4.0,"2 km al NOROESTE de V ALVARO OBREGON, CDMX",2018-07-16,01:34:14,revisado
2018-07-18,15:13:00,1.9,19.375,-99.201,3.0,"3 km al SUR de V ALVARO OBREGON, CDMX",2018-07-18,20:13:00,revisado
2018-07-19,06:34:58,1.9,19.3727,-99.2007,3.2,"3 km al SUR de V ALVARO OBREGON, CDMX",2018-07-19,11:34:58,revisado
2018-07-28,07:54:21,2.4,19.3908,-99.2298,4.4,"3 km al SUROESTE de V ALVARO OBREGON, CDMX",2018-07-28,12:54:21,revisado
2018-09-14,11:07:57,2.1,19.3748,-99.1347,1.3,"4 km al SURESTE de BENITO JUAREZ, CDMX",2018-09-14,16:07:57,revisado
2018-09-14,11:20:13,2.0,19.3797,-99.129,1.2,"4 km al SUROESTE de IZTACALCO, CDMX",2018-09-14,16:20:13,revisado
2018-09-14,11:39:23,1.5,19.38,-99.129,1.0,"4 km al SUROESTE de IZTACALCO, CDMX",2018-09-14,16:39:23,revisado
2018-09-27,22:56:39,2.1,19.32,-99.163,1.0,"3 km al SUR de COYOACAN, CDMX",2018-09-28,03:56:39,revisado
2018-10-05,09:59:27,2.4,19.375,-99.1833,1.5,"3 km al SURESTE de V ALVARO OBREGON, CDMX",2018-10-05,14:59:27,revisado
2018-10-13,08:54:16,1.8,19.409,-99.1978,2.9,"1 km al NOROESTE de MIGUEL HIDALGO, CDMX",2018-10-13,13:54:16,revisado
2018-11-14,16:08:28,2.7,19.3158,-99.286,1.0,"4 km al SURESTE de SAN LORENZO ACOPILCO, CDMX",2018-11-14,22:08:28,revisado
2018-11-23,22:44:11,2.9,19.404,-99.13,7.0,"2 km al SUROESTE de VENUSTIANO CARRANZA, CDMX",2018-11-24,04:44:11,revisado
2018-12-12,11:51:39,2.2,19.388,-99.2208,1.7,"3 km al SUROESTE de V ALVARO OBREGON, CDMX",2018-12-12,17:51:39,revisado
2019-01-11,01:41:16,1.5,19.3862,-99.1267,10.7,"3 km al SUROESTE de IZTACALCO, CDMX",2019-01-11,07:41:16,revisado
2019-03-29,02:31:56,2.2,19.4093,-99.2187,1.0,"2 km al NOROESTE de V ALVARO OBREGON, CDMX",2019-03-29,08:31:56,revisado
2019-05-18,22:13:16,1.7,19.3957,-99.2097,1.1,"1 km al SUROESTE de V ALVARO OBREGON, CDMX",2019-05-19,03:13:16,revisado
2019-05-18,22:13:27,1.0,19.384,-99.212,2.0,"2 km al SUROESTE de V ALVARO OBREGON, CDMX",2019-05-19,03:13:27,revisado
2019-05-26,21:07:22,1.0,19.2303,-99.3085,3.0,"11 km al OESTE de S MIGUEL AJUSCO, CDMX",2019-05-27,02:07:22,revisado
2019-06-30,06:38:21,2.3,19.409,-99.1998,1.7,"1 km al NOROESTE de MIGUEL HIDALGO, CDMX",2019-06-30,11:38:21,revisado
2019-06-30,06:38:33,1.4,19.395,-99.202,2.0,"1 km al SUROESTE de V ALVARO OBREGON, CDMX",2019-06-30,11:38:33,revisado
2019-07-12,04:47:41,2.0,19.4077,-99.195,0.6,"menos de 1 km al NOROESTE de MIGUEL HIDALGO, CDMX",2019-07-12,09:47:41,revisado
2019-07-12,07:38:28,2.7,19.4049,-99.1959,0.4,"1 km al SUROESTE de MIGUEL HIDALGO, CDMX",2019-07-12,12:38:28,revisado
2019-07-12,07:51:13,2.3,19.406,-99.1893,1.0,"menos de 1 km al SURESTE de MIGUEL HIDALGO, CDMX",2019-07-12,12:51:13,revisado
2019-07-12,10:08:04,2.4,19.4049,-99.1939,0.6,"menos de 1 km al SUROESTE de MIGUEL HIDALGO, CDMX",2019-07-12,15:08:04,revisado
2019-07-13,01:35:36,2.4,19.4075,-99.1952,0.6,"menos de 1 km al OESTE de MIGUEL HIDALGO, CDMX",2019-07-13,06:35:36,revisado
2019-07-13,11:39:20,2.4,19.392,-99.2173,0.2,"2 km al SUROESTE de V ALVARO OBREGON, CDMX",2019-07-13,16:39:20,revisado
2019-07-14,02:16:41,2.1,19.405,-99.1912,1.0,"menos de 1 km al SUR de MIGUEL HIDALGO, CDMX",2019-07-14,07:16:41,revisado
2019-07-16,01:36:44,2.5,19.4045,-99.2049,1.0,"1 km al NOROESTE de V ALVARO OBREGON, CDMX",2019-07-16,06:36:44,revisado
2019-07-16,22:59:50,3.3,19.4079,-99.2054,1.1,"1 km al NOROESTE de V ALVARO OBREGON, CDMX",2019-07-17,03:59:50,revisado
2019-07-16,23:10:52,2.6,19.4028,-99.2102,0.7,"1 km al NOROESTE de V ALVARO OBREGON, CDMX",2019-07-17,04:10:52,revisado
2019-07-16,23:18:46,2.4,19.4019,-99.2138,0.7,"1 km al OESTE de V ALVARO OBREGON, CDMX",2019-07-17,04:18:46,revisado
2019-07-17,00:33:12,2.2,19.4458,-99.2055,1.0,"5 km al NOROESTE de MIGUEL HIDALGO, CDMX",2019-07-17,05:33:12,revisado
2019-07-17,00:41:36,2.4,19.3983,-99.2173,0.6,"2 km al OESTE de V ALVARO OBREGON, CDMX",2019-07-17,05:41:36,revisado
2019-07-17,00:45:53,2.4,19.401,-99.213,0.3,"1 km al OESTE de V ALVARO OBREGON, CDMX",2019-07-17,05:45:53,revisado
2019-07-17,01:04:24,2.4,19.398,-99.2158,0.1,"2 km al OESTE de V ALVARO OBREGON, CDMX",2019-07-17,06:04:24,revisado
2019-07-17,14:28:05,1.9,19.406,-99.216,0.8,"2 km al NOROESTE de V ALVARO OBREGON, CDMX",2019-07-17,19:28:05,revisado
2019-07-17,22:30:06,1.8,19.4072,-99.1938,1.0,"menos de 1 km al OESTE de MIGUEL HIDALGO, CDMX",2019-07-18,03:30:06,revisado
2019-07-18,13:54:50,2.3,19.379,-99.1922,1.0,"2 km al SURESTE de V ALVARO OBREGON, CDMX",2019-07-18,18:54:50,revisado
2019-07-18,15:43:50,1.5,19.426,-99.1918,0.8,"2 km al NORTE de MIGUEL HIDALGO, CDMX",2019-07-18,20:43:50,revisado
2019-07-18,16:32:53,1.8,19.4118,-99.1993,0.6,"1 km al NOROESTE de MIGUEL HIDALGO, CDMX",2019-07-18,21:32:53,revisado
2019-07-28,02:21:22,2.2,19.4064,-99.1987,1.2,"1 km al NORTE de V ALVARO OBREGON, CDMX",2019-07-28,07:21:22,revisado
2019-07-28,02:22:05,1.9,19.396,-99.206,2.0,"1 km al SUROESTE de V ALVARO OBREGON, CDMX",2019-07-28,07:22:05,revisado
2019-07-30,12:23:50,1.2,19.408,-99.213,1.0,"2 km al NOROESTE de V ALVARO OBREGON, CDMX",2019-07-30,17:23:50,revisado
2019-07-30,16:41:36,1.6,19.4398,-99.1884,2.4,"4 km al NORTE de MIGUEL HIDALGO, CDMX",2019-07-30,21:41:36,revisado
2019-08-02,23:17:01,2.3,19.4002,-99.2167,1.0,"2 km al OESTE de V ALVARO OBREGON, CDMX",2019-08-03,04:17:01,revisado
2019-08-09,05:55:05,2.1,19.3945,-99.2033,1.8,"1 km al SUROESTE de V ALVARO OBREGON, CDMX",2019-08-09,10:55:05,revisado
2019-09-01,01:03:32,2.1,19.3302,-99.1623,3.0,"2 km al SUR de COYOACAN, CDMX",2019-09-01,06:03:32,revisado
2019-09-01,23:03:56,1.8,19.323,-99.132,1.6,"4 km al SURESTE de COYOACAN, CDMX",2019-09-02,04:03:56,revisado
2019-09-23,03:03:08,3.1,19.1722,-98.9467,12.0,"6 km al SURESTE de S ANDRES MIXQUIC, CDMX",2019-09-23,08:03:08,revisado
2019-09-23,03:21:08,3.1,19.1757,-98.9473,12.4,"6 km al SURESTE de S ANDRES MIXQUIC, CDMX",2019-09-23,08:21:08,revisado
2019-10-19,20:33:37,2.2,19.4018,-99.2173,1.0,"2 km al OESTE de V ALVARO OBREGON, CDMX",2019-10-20,01:33:37,revisado
2019-11-15,06:49:04,2.7,19.1533,-98.9627,9.4,"8 km al SURESTE de S ANTONIO TECOMITL, CDMX",2019-11-15,12:49:04,revisado
2019-12-07,13:53:27,1.0,19.4002,-99.2103,0.4,"1 km al OESTE de V ALVARO OBREGON, CDMX",2019-12-07,19:53:27,revisado
2019-12-14,12:56:55,1.4,19.3045,-99.2985,5.0,"4 km al SURESTE de SAN LORENZO ACOPILCO, CDMX",2019-12-14,18:56:55,revisado
2019-12-22,09:57:11,3.5,19.0905,-99.2092,4.1,"14 km al SUR de S MIGUEL AJUSCO, CDMX",2019-12-22,15:57:11,revisado
2020-01-03,22:14:28,3.4,19.1718,-98.969,2.4,"5 km al SURESTE de S ANTONIO TECOMITL, CDMX",2020-01-04,04:14:28,revisado
2020-01-04,02:38:30,2.5,19.402,-99.22,2.0,"2 km al OESTE de V ALVARO OBREGON, CDMX",2020-01-04,08:38:30,revisado
2020-01-15,05:30:21,1.9,19.2862,-99.3833,2.7,"8 km al SUROESTE de SAN LORENZO ACOPILCO, CDMX",2020-01-15,11:30:21,revisado
2020-06-07,09:45:21,3.0,19.374,-99.2022,1.0,"3 km al SUR de V ALVARO OBREGON, CDMX",2020-06-07,14:45:21,revisado
2020-06-07,09:52:38,2.2,19.381,-99.188,3.0,"2 km al SURESTE de V ALVARO OBREGON, CDMX",2020-06-07,14:52:38,revisado
2020-06-09,17:32:04,1.8,19.378,-99.202,3.0,"2 km al SUR de V ALVARO OBREGON, CDMX",2020-06-09,22:32:04,revisado
2020-06-12,06:26:11,1.8,19.3825,-99.2275,0.5,"3 km al SUROESTE de V ALVARO OBREGON, CDMX",2020-06-12,11:26:11,revisado
2020-06-30,19:07:26,2.8,19.3718,-99.138,2.0,"3 km al NORESTE de COYOACAN, CDMX",2020-07-01,00:07:26,revisado
2020-07-01,01:03:44,1.9,19.3512,-99.1605,7.0,"menos de 1 km al NORESTE de COYOACAN, CDMX",2020-07-01,06:03:44,revisado
2020-07-03,22:05:16,2.1,19.385,-99.084,1.0,"2 km al SURESTE de IZTACALCO, CDMX",2020-07-04,03:05:16,revisado
2020-07-04,02:37:18,2.3,19.385,-99.084,1.0,"2 km al SURESTE de IZTACALCO, CDMX",2020-07-04,07:37:18,revisado
2020-07-04,07:15:08,1.7,19.3352,-99.1657,5.6,"2 km al SUR de COYOACAN, CDMX",2020-07-04,12:15:08,revisado
2020-07-09,09:28:33,2.2,19.381,-99.07,1.0,"3 km al SURESTE de IZTACALCO, CDMX",2020-07-09,14:28:33,revisado
2020-07-15,18:04:48,1.6,19.426,-99.211,1.0,"3 km al NOROESTE de MIGUEL HIDALGO, CDMX",2020-07-15,23:04:48,revisado
2020-09-15,21:22:25,1.7,19.2722,-99.3405,2.0,"6 km al SUR de SAN LORENZO ACOPILCO, CDMX",2020-09-16,02:22:25,revisado
2020-11-05,02:35:31,1.5,19.379,-99.212,1.0,"3 km al SUROESTE de V ALVARO OBREGON, CDMX",2020-11-05,08:35:31,revisado
2021-04-14,11:35:56,2.0,19.3382,-99.1548,1.4,"1 km al SURESTE de COYOACAN, CDMX",2021-04-14,16:35:56,revisado
2021-05-31,09:21:12,1.6,19.3957,-99.2237,1.0,"3 km al OESTE de V ALVARO OBREGON, CDMX",2021-05-31,14:21:12,revisado
2021-07-06,02:02:37,1.5,19.4663,-99.0465,12.8,"7 km al ESTE de GUSTAVO A. MADERO, CDMX",2021-07-06,07:02:37,revisado
2021-07-27,10:35:46,2.8,19.19,-98.95,5.0,"4 km al SURESTE de S ANDRES MIXQUIC, CDMX",2021-07-27,15:35:46,revisado
2021-07-27,12:37:52,3.4,19.1578,-98.9607,2.0,"7 km al SURESTE de S ANTONIO TECOMITL, CDMX",2021-07-27,17:37:52,revisado
2021-08-27,09:18:16,1.6,19.2857,-99.3038,16.2,"5 km al SURESTE de SAN LORENZO ACOPILCO, CDMX",2021-08-27,14:18:16,revisado
2021-08-29,23:20:44,2.1,19.381,-99.205,3.0,"2 km al SUR de V ALVARO OBREGON, CDMX",2021-08-30,04:20:44,revisado
2021-08-31,22:43:03,2.0,19.4247,-99.1152,11.0,"1 km al NORTE de VENUSTIANO CARRANZA, CDMX",2021-09-01,03:43:03,revisado
2021-10-07,19:04:02,1.0,19.2625,-99.348,2.0,"8 km al SUROESTE de SAN LORENZO ACOPILCO, CDMX",2021-10-08,00:04:02,revisado
2021-11-15,20:04:29,1.1,19.3547,-99.1235,4.6,"3 km al OESTE de IZTAPALAPA, CDMX",2021-11-16,02:04:29,revisado
2021-11-15,20:05:18,1.0,19.2828,-99.0967,4.2,"5 km al ESTE de XOCHIMILCO, CDMX",2021-11-16,02:05:18,revisado
2021-11-22,04:08:58,2.4,19.496,-99.1635,14.0,"3 km al NORESTE de AZCAPOTZALCO, CDMX",2021-11-22,10:08:58,revisado
2021-11-22,22:14:25,2.4,19.4273,-99.0472,12.0,"6 km al NORESTE de IZTACALCO, CDMX",2021-11-23,04:14:25,revisado
2021-12-09,07:36:10,2.0,19.37,-99.1663,1.5,"2 km al NORTE de COYOACAN, CDMX",2021-12-09,13:36:10,revisado
2022-01-06,19:46:56,2.2,19.378,-99.0768,5.4,"3 km al NORESTE de IZTAPALAPA, CDMX",2022-01-07,01:46:56,revisado
2022-01-07,09:19:49,1.4,19.3697,-99.115,3.0,"3 km al NOROESTE de IZTAPALAPA, CDMX",2022-01-07,15:19:49,revisado
2022-01-07,09:20:06,1.0,19.3745,-99.1065,3.0,"2 km al NOROESTE de IZTAPALAPA, CDMX",2022-01-07,15:20:06,revisado
2022-01-15,02:52:17,2.3,19.1358,-98.9963,21.6,"7 km al SURESTE de MILPA ALTA, CDMX",2022-01-15,08:52:17,revisado
2022-01-25,07:37:16,1.0,19.4215,-99.0607,1.0,"5 km al NORESTE de IZTACALCO, CDMX",2022-01-25,13:37:16,revisado
2022-02-04,13:24:58,0.6,19.29,-99.3345,1.0,"4 km al SUR de SAN LORENZO ACOPILCO, CDMX",2022-02-04,19:24:58,revisado
2022-02-06,07:27:57,2.1,19.2225,-99.1393,10.9,"2 km al NORTE de S MIGUEL TOPILEJO, CDMX",2022-02-06,13:27:57,revisado
2022-02-22,16:26:35,0.3,19.2805,-99.3332,7.0,"5 km al SUR de SAN LORENZO ACOPILCO, CDMX",2022-02-22,22:26:35,revisado
2022-02-22,16:26:43,0.3,19.286,-99.3388,7.0,"5 km al SUROESTE de SAN LORENZO ACOPILCO, CDMX",2022-02-22,22:26:43,revisado
2022-02-22,16:26:46,0.9,19.2792,-99.3352,7.0,"6 km al SUR de SAN LORENZO ACOPILCO, CDMX",2022-02-22,22:26:46,revisado
2022-02-25,07:26:01,1.9,19.4033,-99.197,5.3,"menos de 1 km al NORESTE de V ALVARO OBREGON, CDMX",2022-02-25,13:26:01,revisado
2022-03-19,22:57:18,1.4,19.2113,-99.2342,4.5,"3 km al OESTE de S MIGUEL AJUSCO, CDMX",2022-03-20,04:57:18,revisado
2022-04-08,18:20:36,1.8,19.3468,-99.1872,3.0,"3 km al OESTE de COYOACAN, CDMX",2022-04-08,23:20:36,revisado
2022-05-09,15:45:20,1.4,19.4003,-99.0468,1.8,"5 km al ESTE de IZTACALCO, CDMX",2022-05-09,20:45:20,revisado
2022-05-23,06:58:28,2.4,19.4798,-99.0628,12.3,"5 km al ESTE de GUSTAVO A. MADERO, CDMX",2022-05-23,11:58:28,revisado
2022-05-24,14:31:56,1.4,19.48,-99.063,12.3,"5 km al ESTE de GUSTAVO A. MADERO, CDMX",2022-05-24,19:31:56,revisado
2022-05-24,23:58:09,1.1,19.48,-99.063,12.3,"5 km al ESTE de GUSTAVO A. MADERO, CDMX",2022-05-25,04:58:09,revisado
2022-05-25,00:13:44,1.1,19.4415,-99.0793,7.0,"5 km al NORESTE de VENUSTIANO CARRANZA, CDMX",2022-05-25,05:13:44,revisado
2022-06-03,23:12:42,2.4,19.4828,-99.2012,7.1,"2 km al OESTE de AZCAPOTZALCO, CDMX",2022-06-04,04:12:42,revisado
2022-06-24,09:37:06,1.2,19.3045,-99.3123,2.0,"3 km al SURESTE de SAN LORENZO ACOPILCO, CDMX",2022-06-24,14:37:06,revisado
2022-07-08,09:36:29,2.1,19.3952,-99.1073,7.0,"1 km al OESTE de IZTACALCO, CDMX",2022-07-08,14:36:29,revisado
2022-07-27,12:19:42,0.9,19.2892,-99.3128,1.0,"5 km al SURESTE de SAN LORENZO ACOPILCO, CDMX",2022-07-27,17:19:42,revisado
2022-08-23,01:01:39,3.2,19.1673,-99.08,5.0,"2 km al SUROESTE de S PABLO OZTOTEPEC, CDMX",2022-08-23,06:01:39,revisado
2022-12-07,21:12:31,1.7,19.402,-99.129,5.2,"2 km al SUROESTE de VENUSTIANO CARRANZA, CDMX",2022-12-08,03:12:31,revisado
2022-12-07,21:15:19,1.0,19.397,-99.119,4.0,"2 km al OESTE de IZTACALCO, CDMX",2022-12-08,03:15:19,revisado
2022-12-15,06:24:59,1.9,19.3597,-99.1733,1.0,"2 km al NOROESTE de COYOACAN, CDMX",2022-12-15,12:24:59,revisado
2023-01-17,03:08:51,1.1,19.375,-99.1667,4.6,"3 km al NORTE de COYOACAN, CDMX",2023-01-17,09:08:51,revisado
2023-01-29,12:49:10,1.3,19.3795,-99.1785,2.0,"3 km al SURESTE de V ALVARO OBREGON, CDMX",2023-01-29,18:49:10,revisado
2023-02-07,08:46:38,2.0,19.357,-99.1737,3.4,"1 km al NOROESTE de COYOACAN, CDMX",2023-02-07,14:46:38,revisado
2023-02-07,08:53:47,0.8,19.3577,-99.1997,1.8,"3 km al NORESTE de LA MAGDALENA C, CDMX",2023-02-07,14:53:47,revisado
2023-02-08,10:16:12,1.2,19.3787,-99.188,2.0,"3 km al SURESTE de V ALVARO OBREGON, CDMX",2023-02-08,16:16:12,revisado
2023-02-21,16:44:18,2.1,19.401,-99.108,1.0,"1 km al NOROESTE de IZTACALCO, CDMX",2023-02-21,22:44:18,revisado
2023-02-21,16:49:09,1.8,19.4,-99.1,1.0,"1 km al NOROESTE de IZTACALCO, CDMX",2023-02-21,22:49:09,revisado
2023-02-21,16:52:36,1.4,19.399,-99.105,1.0,"1 km al NOROESTE de IZTACALCO, CDMX",2023-02-21,22:52:36,revisado
2023-02-21,16:57:56,2.0,19.3898,-99.0992,1.0,"1 km al SUR de IZTACALCO, CDMX",2023-02-21,22:57:56,revisado
2023-02-21,18:21:09,1.1,19.3657,-99.1645,4.5,"2 km al NORTE de COYOACAN, CDMX",2023-02-22,00:21:09,revisado
2023-02-22,20:34:53,1.5,19.3762,-99.1083,2.0,"2 km al SUROESTE de IZTACALCO, CDMX",2023-02-23,02:34:53,revisado
2023-03-06,16:50:44,1.4,19.3485,-99.2058,2.0,"2 km al NORESTE de LA MAGDALENA C, CDMX",2023-03-06,22:50:44,revisado
2023-03-15,03:48:28,2.0,19.38,-99.08,2.1,"3 km al SURESTE de IZTACALCO, CDMX",2023-03-15,09:48:28,revisado
2023-03-15,04:21:22,2.6,19.3742,-99.0897,1.9,"2 km al NORTE de IZTAPALAPA, CDMX",2023-03-15,10:21:22,revisado
2023-03-29,07:34:25,1.2,19.3592,-99.1957,1.0,"3 km al NORESTE de LA MAGDALENA C, CDMX",2023-03-29,13:34:25,revisado
2023-03-29,07:34:39,2.2,19.3578,-99.1907,1.0,"3 km al NOROESTE de COYOACAN, CDMX",2023-03-29,13:34:39,revisado
2023-03-29,12:17:31,1.0,19.361,-99.189,2.0,"3 km al NOROESTE de COYOACAN, CDMX",2023-03-29,18:17:31,revisado
2023-03-29,15:26:51,2.0,19.36,-99.19,1.2,"3 km al NOROESTE de COYOACAN, CDMX",2023-03-29,21:26:51,revisado
2023-03-29,18:50:48,1.0,19.3578,-99.1895,1.0,"3 km al NOROESTE de COYOACAN, CDMX",2023-03-30,00:50:48,revisado
2023-04-10,19:35:39,2.0,19.2072,-98.996,1.6,"1 km al SUROESTE de S ANTONIO TECOMITL, CDMX",2023-04-11,01:35:39,revisado
2023-04-10,22:02:10,1.7,19.4335,-99.1902,1.0,"3 km al NORTE de MIGUEL HIDALGO, CDMX",2023-04-11,04:02:10,revisado
2023-04-20,15:04:24,2.6,19.3592,-99.1907,1.1,"3 km al NOROESTE de COYOACAN, CDMX",2023-04-20,21:04:24,revisado
2023-04-21,10:39:57,1.8,19.36,-99.1888,1.0,"3 km al NOROESTE de COYOACAN, CDMX",2023-04-21,16:39:57,revisado
2023-04-29,00:43:01,2.0,19.1635,-99.1098,11.5,"4 km al SUROESTE de S SALVADOR CUAUHTENCO, CDMX",2023-04-29,06:43:01,revisado
2023-05-10,22:20:16,2.8,19.363,-99.204,0.8,"3 km al NORESTE de LA MAGDALENA C, CDMX",2023-05-11,04:20:16,revisado
2023-05-10,22:20:19,3.2,19.364,-99.197,0.8,"4 km al NORESTE de LA MAGDALENA C, CDMX",2023-05-11,04:20:19,revisado
2023-05-10,22:21:29,1.4,19.373,-99.2,1.0,"3 km al SUR de V ALVARO OBREGON, CDMX",2023-05-11,04:21:29,revisado
2023-05-10,22:22:29,1.3,19.3717,-99.2015,1.1,"3 km al SUR de V ALVARO OBREGON, CDMX",2023-05-11,04:22:29,revisado
2023-05-10,22:24:12,1.0,19.36,-99.201,1.0,"3 km al NORESTE de LA MAGDALENA C, CDMX",2023-05-11,04:24:12,revisado
2023-05-10,22:25:56,1.1,19.3712,-99.207,1.1,"3 km al SUR de V ALVARO OBREGON, CDMX",2023-05-11,04:25:56,revisado
2023-05-10,22:25:59,1.5,19.357,-99.2045,1.1,"3 km al NORESTE de LA MAGDALENA C, CDMX",2023-05-11,04:25:59,revisado
2023-05-10,22:29:48,2.4,19.3637,-99.1962,1.5,"4 km al NORESTE de LA MAGDALENA C, CDMX",2023-05-11,04:29:48,revisado
2023-05-10,22:29:51,2.6,19.36,-99.201,1.5,"3 km al NORESTE de LA MAGDALENA C, CDMX",2023-05-11,04:29:51,revisado
2023-05-10,22:34:52,1.8,19.3673,-99.203,1.0,"4 km al SUR de V ALVARO OBREGON, CDMX",2023-05-11,04:34:52,revisado
2023-05-10,22:40:31,1.3,19.3547,-99.2115,1.0,"2 km al NORTE de LA MAGDALENA C, CDMX",2023-05-11,04:40:31,revisado
2023-05-10,23:19:31,1.0,19.36,-99.2,1.2,"3 km al NORESTE de LA MAGDALENA C, CDMX",2023-05-11,05:19:31,revisado
2023-05-11,01:43:23,2.0,19.366,-99.188,1.0,"3 km al NOROESTE de COYOACAN, CDMX",2023-05-11,07:43:23,revisado
2023-05-11,02:21:46,1.8,19.4318,-99.174,1.0,"3 km al NORESTE de MIGUEL HIDALGO, CDMX",2023-05-11,08:21:46,revisado
2023-05-11,07:25:10,1.6,19.3677,-99.204,1.0,"4 km al SUR de V ALVARO OBREGON, CDMX",2023-05-11,13:25:10,revisado
2023-05-11,08:38:27,1.6,19.36,-99.2,1.0,"3 km al NORESTE de LA MAGDALENA C, CDMX",2023-05-11,14:38:27,revisado
2023-05-11,08:43:40,1.2,19.36,-99.2,1.4,"3 km al NORESTE de LA MAGDALENA C, CDMX",2023-05-11,14:43:40,revisado
2023-05-11,09:05:31,2.2,19.365,-99.203,1.0,"4 km al NORESTE de LA MAGDALENA C, CDMX",2023-05-11,15:05:31,revisado
2023-05-11,09:25:23,2.0,19.359,-99.1882,1.0,"3 km al NOROESTE de COYOACAN, CDMX",2023-05-11,15:25:23,revisado
2023-05-11,09:58:09,1.3,19.36,-99.201,1.0,"3 km al NORESTE de LA MAGDALENA C, CDMX",2023-05-11,15:58:09,revisado
2023-05-11,10:55:46,1.2,19.36,-99.2,1.0,"3 km al NORESTE de LA MAGDALENA C, CDMX",2023-05-11,16:55:46,revisado
2023-05-11,11:13:02,1.0,19.36,-99.2,1.0,"3 km al NORESTE de LA MAGDALENA C, CDMX",2023-05-11,17:13:02,revisado
2023-05-11,22:01:28,1.4,19.36,-99.2,1.0,"3 km al NORESTE de LA MAGDALENA C, CDMX",2023-05-12,04:01:28,revisado
2023-05-12,04:19:33,1.3,19.3652,-99.2043,1.0,"4 km al NORESTE de LA MAGDALENA C, CDMX",2023-05-12,10:19:33,revisado
2023-05-12,17:46:50,2.2,19.365,-99.1915,1.0,"4 km al NOROESTE de COYOACAN, CDMX",2023-05-12,23:46:50,revisado
2023-05-14,18:41:01,1.8,19.3725,-99.2,1.0,"3 km al SUR de V ALVARO OBREGON, CDMX",2023-05-15,00:41:01,revisado
2023-05-15,02:45:52,1.8,19.3588,-99.1947,2.0,"3 km al NORESTE de LA MAGDALENA C, CDMX",2023-05-15,08:45:52,revisado
2023-05-15,16:54:40,1.8,19.2952,-99.087,1.9,"4 km al SUROESTE de TLAHUAC, CDMX",2023-05-15,22:54:40,revisado
2023-05-16,04:50:30,1.6,19.3598,-99.1932,1.0,"3 km al NOROESTE de COYOACAN, CDMX",2023-05-16,10:50:30,revisado
2023-05-16,22:09:03,1.6,19.3642,-99.191,1.0,"3 km al NOROESTE de COYOACAN, CDMX",2023-05-17,04:09:03,revisado
2023-05-21,23:05:32,1.3,19.36,-99.2,1.0,"3 km al NORESTE de LA MAGDALENA C, CDMX",2023-05-22,05:05:32,revisado
2023-06-02,19:12:04,2.3,19.362,-99.1767,1.0,"2 km al NOROESTE de COYOACAN, CDMX",2023-06-03,01:12:04,revisado
2023-06-08,10:22:54,3.6,19.1363,-98.971,3.3,"8 km al SURESTE de MILPA ALTA, CDMX",2023-06-08,16:22:54,revisado
2023-06-15,06:24:36,1.2,19.3713,-99.1905,1.0,"3 km al SURESTE de V ALVARO OBREGON, CDMX",2023-06-15,12:24:36,revisado
2023-06-19,18:30:46,1.9,19.3608,-99.196,1.6,"4 km al NORESTE de LA MAGDALENA C, CDMX",2023-06-20,00:30:46,revisado
2023-07-09,23:05:19,2.8,19.1695,-98.9645,8.4,"6 km al SURESTE de S ANTONIO TECOMITL, CDMX",2023-07-10,05:05:19,revisado
2023-07-11,02:28:16,1.9,19.3722,-99.267,1.0,"2 km al ESTE de CUAJIMALPA, CDMX",2023-07-11,08:28:16,revisado
2023-07-14,20:31:00,2.5,19.3575,-99.2035,1.0,"3 km al NORESTE de LA MAGDALENA C, CDMX",2023-07-15,02:31:00,revisado
2023-07-18,15:05:33,2.0,19.3663,-99.1932,1.0,"4 km al NOROESTE de COYOACAN, CDMX",2023-07-18,21:05:33,revisado
2023-07-26,08:04:03,1.4,19.378,-99.18,1.0,"3 km al SURESTE de V ALVARO OBREGON, CDMX",2023-07-26,14:04:03,revisado
2023-08-09,11:19:52,1.9,19.393,-99.131,1.3,"3 km al SURESTE de BENITO JUAREZ, CDMX",2023-08-09,17:19:52,revisado
2023-08-28,18:04:38,1.7,19.4075,-99.187,1.0,"menos de 1 km al ESTE de MIGUEL HIDALGO, CDMX",2023-08-29,00:04:38,revisado
2023-08-29,18:52:22,1.3,19.3645,-99.2113,1.0,"3 km al NORTE de LA MAGDALENA C, CDMX",2023-08-30,00:52:22,revisado
2023-09-02,20:32:44,2.0,19.3617,-99.1945,0.6,"4 km al NOROESTE de COYOACAN, CDMX",2023-09-03,02:32:44,revisado
2023-09-20,11:13:23,1.5,19.3568,-99.2093,1.0,"3 km al NORTE de LA MAGDALENA C, CDMX",2023-09-20,17:13:23,revisado
2023-10-16,05:03:16,3.4,19.0892,-99.1535,3.0,"12 km al SUR de S MIGUEL TOPILEJO, CDMX",2023-10-16,11:03:16,revisado
2023-12-02,18:29:02,2.0,19.3605,-99.2077,1.0,"3 km al NORTE de LA MAGDALENA C, CDMX",2023-12-03,00:29:02,revisado
2023-12-12,11:06:27,2.7,19.3732,-99.2107,0.6,"3 km al SUROESTE de V ALVARO OBREGON, CDMX",2023-12-12,17:06:27,revisado
2023-12-12,11:07:52,3.0,19.373,-99.2,0.9,"3 km al SUR de V ALVARO OBREGON, CDMX",2023-12-12,17:07:52,revisado
2023-12-12,11:08:53,1.5,19.37,-99.205,1.9,"3 km al SUR de V ALVARO OBREGON, CDMX",2023-12-12,17:08:53,revisado
2023-12-12,11:08:55,2.4,19.373,-99.219,0.6,"4 km al SUROESTE de V ALVARO OBREGON, CDMX",2023-12-12,17:08:55,revisado
2023-12-12,11:09:06,1.6,19.363,-99.2,1.0,"4 km al NORESTE de LA MAGDALENA C, CDMX",2023-12-12,17:09:06,revisado
2023-12-12,11:12:29,1.1,19.363,-99.2,1.0,"4 km al NORESTE de LA MAGDALENA C, CDMX",2023-12-12,17:12:29,revisado
2023-12-12,11:14:19,0.6,19.363,-99.2,1.0,"4 km al NORESTE de LA MAGDALENA C, CDMX",2023-12-12,17:14:19,revisado
2023-12-12,11:14:37,1.7,19.363,-99.2,1.0,"4 km al NORESTE de LA MAGDALENA C, CDMX",2023-12-12,17:14:37,revisado
2023-12-12,11:17:44,1.7,19.363,-99.2,1.0,"4 km al NORESTE de LA MAGDALENA C, CDMX",2023-12-12,17:17:44,revisado
2023-12-12,11:28:56,1.9,19.373,-99.2,1.0,"3 km al SUR de V ALVARO OBREGON, CDMX",2023-12-12,17:28:56,revisado
2023-12-12,14:23:09,2.1,19.363,-99.2,1.0,"4 km al NORESTE de LA MAGDALENA C, CDMX",2023-12-12,20:23:09,revisado
2023-12-14,14:13:14,3.2,19.368,-99.193,0.5,"4 km al SUR de V ALVARO OBREGON, CDMX",2023-12-14,20:13:14,revisado
2023-12-14,14:15:20,2.5,19.3613,-99.2028,0.9,"3 km al NORESTE de LA MAGDALENA C, CDMX",2023-12-14,20:15:20,revisado
2023-12-14,23:25:26,1.3,19.361,-99.202,1.0,"3 km al NORESTE de LA MAGDALENA C, CDMX",2023-12-15,05:25:26,revisado
2023-12-15,04:22:31,1.6,19.361,-99.2,1.0,"3 km al NORESTE de LA MAGDALENA C, CDMX",2023-12-15,10:22:31,revisado
2023-12-16,03:10:35,1.8,19.3595,-99.2012,1.0,"3 km al NORESTE de LA MAGDALENA C, CDMX",2023-12-16,09:10:35,revisado
2023-12-18,13:27:56,1.1,19.363,-99.201,1.0,"4 km al NORESTE de LA MAGDALENA C, CDMX",2023-12-18,19:27:56,revisado
2023-12-20,18:14:49,1.2,19.361,-99.199,1.3,"3 km al NORESTE de LA MAGDALENA C, CDMX",2023-12-21,00:14:49,revisado
2023-12-26,07:35:45,1.4,19.3785,-99.211,0.4,"3 km al SUROESTE de V ALVARO OBREGON, CDMX",2023-12-26,13:35:45,revisado
2023-12-28,03:33:55,1.9,19.3607,-99.1938,0.6,"4 km al NOROESTE de COYOACAN, CDMX",2023-12-28,09:33:55,revisado
2023-12-28,03:49:51,1.5,19.3667,-99.207,1.0,"4 km al SUR de V ALVARO OBREGON, CDMX",2023-12-28,09:49:51,revisado
2023-12-31,04:01:35,1.2,19.3647,-99.1983,1.8,"4 km al NORESTE de LA MAGDALENA C, CDMX",2023-12-31,10:01:35,revisado
2024-01-10,12:19:20,1.2,19.363,-99.202,1.0,"4 km al NORESTE de LA MAGDALENA C, CDMX",2024-01-10,18:19:20,revisado
2024-01-31,05:49:06,1.0,19.3865,-99.2035,0.4,"2 km al SUR de V ALVARO OBREGON, CDMX",2024-01-31,11:49:06,revisado
2024-02-04,03:17:22,2.3,19.3728,-99.2108,1.0,"3 km al SUROESTE de V ALVARO OBREGON, CDMX",2024-02-04,09:17:22,revisado
2024-02-14,06:42:14,3.1,19.374,-99.2037,1.4,"3 km al SUR de V ALVARO OBREGON, CDMX",2024-02-14,12:42:14,revisado
2024-02-14,06:42:56,1.3,19.372,-99.203,1.0,"3 km al SUR de V ALVARO OBREGON, CDMX",2024-02-14,12:42:56,revisado
2024-02-14,06:43:02,2.2,19.3808,-99.207,0.8,"2 km al SUROESTE de V ALVARO OBREGON, CDMX",2024-02-14,12:43:02,revisado
2024-02-14,06:43:17,1.3,19.3628,-99.2045,1.0,"3 km al NORESTE de LA MAGDALENA C, CDMX",2024-02-14,12:43:17,revisado
2024-02-14,06:43:50,1.4,19.3775,-99.2073,1.0,"3 km al SUROESTE de V ALVARO OBREGON, CDMX",2024-02-14,12:43:50,revisado
2024-02-14,06:44:07,1.7,19.3788,-99.214,1.0,"3 km al SUROESTE de V ALVARO OBREGON, CDMX",2024-02-14,12:44:07,revisado
2024-02-14,06:44:53,1.5,19.3775,-99.2082,1.0,"3 km al SUROESTE de V ALVARO OBREGON, CDMX",2024-02-14,12:44:53,revisado
2024-02-14,06:46:07,1.7,19.3883,-99.2138,0.8,"2 km al SUROESTE de V ALVARO OBREGON, CDMX",2024-02-14,12:46:07,revisado
2024-02-14,11:59:01,1.6,19.3815,-99.2088,1.0,"2 km al SUROESTE de V ALVARO OBREGON, CDMX",2024-02-14,17:59:01,revisado
2024-02-15,20:33:21,1.6,19.3798,-99.2357,1.0,"4 km al SUROESTE de V ALVARO OBREGON, CDMX",2024-02-16,02:33:21,revisado
2024-02-16,09:35:23,2.0,19.3713,-99.2052,1.0,"3 km al SUR de V ALVARO OBREGON, CDMX",2024-02-16,15:35:23,revisado
2024-02-16,11:36:00,1.4,19.3725,-99.2133,0.9,"3 km al SUROESTE de V ALVARO OBREGON, CDMX",2024-02-16,17:36:00,revisado
2024-02-16,11:40:12,1.2,19.3803,-99.2053,1.0,"2 km al SUR de V ALVARO OBREGON, CDMX",2024-02-16,17:40:12,revisado
2024-02-17,09:29:45,2.0,19.3698,-99.2137,1.0,"4 km al SUROESTE de V ALVARO OBREGON, CDMX",2024-02-17,15:29:45,revisado
2024-02-20,04:07:36,1.4,19.3797,-99.2157,0.4,"3 km al SUROESTE de V ALVARO OBREGON, CDMX",2024-02-20,10:07:36,revisado
2024-02-21,11:11:19,1.0,19.376,-99.209,1.0,"3 km al SUROESTE de V ALVARO OBREGON, CDMX",2024-02-21,17:11:19,revisado
2024-02-25,03:37:47,1.9,19.377,-99.203,0.7,"3 km al SUR de V ALVARO OBREGON, CDMX",2024-02-25,09:37:47,revisado
2024-02-26,08:21:04,1.5,19.3765,-99.2035,1.0,"3 km al SUR de V ALVARO OBREGON, CDMX",2024-02-26,14:21:04,revisado
2024-03-15,03:54:27,1.3,19.3812,-99.21,0.6,"2 km al SUROESTE de V ALVARO OBREGON, CDMX",2024-03-15,09:54:27,revisado
2024-03-18,04:41:59,1.8,19.321,-99.008,7.0,"5 km al NORESTE de TLAHUAC, CDMX",2024-03-18,10:41:59,revisado
2024-03-20,19:01:25,3.4,19.1643,-98.9487,5.0,"7 km al SUR de S ANDRES MIXQUIC, CDMX",2024-03-21,01:01:25,revisado
2024-03-26,20:16:12,1.9,19.4023,-99.1788,0.5,"1 km al SURESTE de MIGUEL HIDALGO, CDMX",2024-03-27,02:16:12,revisado
2024-04-16,18:38:07,1.0,19.379,-99.191,0.5,"3 km al SURESTE de V ALVARO OBREGON, CDMX",2024-04-17,00:38:07,revisado
2024-05-23,02:45:34,1.5,19.3795,-99.1855,0.6,"3 km al SURESTE de V ALVARO OBREGON, CDMX",2024-05-23,08:45:34,revisado
2024-05-29,18:46:27,1.3,19.379,-99.191,1.0,"3 km al SURESTE de V ALVARO OBREGON, CDMX",2024-05-30,00:46:27,revisado
2024-06-05,20:45:48,1.7,19.3328,-99.0497,1.0,"3 km al NORTE de TLAHUAC, CDMX",2024-06-06,02:45:48,revisado
2024-06-06,17:14:53,2.2,19.3575,-99.076,4.0,"2 km al ESTE de IZTAPALAPA, CDMX",2024-06-06,23:14:53,revisado
2024-06-17,22:41:52,2.1,19.149,-98.9455,5.8,"9 km al SUR de S ANDRES MIXQUIC, CDMX",2024-06-18,04:41:52,revisado
2024-06-27,10:53:22,1.5,19.437,-99.219,1.0,"4 km al NOROESTE de MIGUEL HIDALGO, CDMX",2024-06-27,16:53:22,revisado
2024-07-28,23:36:43,2.0,19.399,-99.2218,1.4,"2 km al OESTE de V ALVARO OBREGON, CDMX",2024-07-29,05:36:43,revisado
2024-09-02,22:42:47,2.3,19.3857,-99.1582,0.5,"2 km al SUR de BENITO JUAREZ, CDMX",2024-09-03,04:42:47,revisado
2024-09-03,00:13:18,1.7,19.3958,-99.1657,1.0,"1 km al SUROESTE de BENITO JUAREZ, CDMX",2024-09-03,06:13:18,revisado
2024-09-03,00:19:03,1.5,19.3912,-99.1745,1.0,"2 km al SUROESTE de BENITO JUAREZ, CDMX",2024-09-03,06:19:03,revisado
2024-09-05,20:49:09,2.3,19.39,-99.1913,1.0,"1 km al SURESTE de V ALVARO OBREGON, CDMX",2024-09-06,02:49:09,revisado
2024-09-06,01:41:07,1.9,19.3807,-99.1735,1.0,"3 km al SUROESTE de BENITO JUAREZ, CDMX",2024-09-06,07:41:07,revisado
2024-09-06,22:54:55,1.8,19.3742,-99.1702,1.0,"3 km al NOROESTE de COYOACAN, CDMX",2024-09-07,04:54:55,revisado
2024-09-06,23:46:46,1.7,19.3822,-99.1687,1.0,"2 km al SUROESTE de BENITO JUAREZ, CDMX",2024-09-07,05:46:46,revisado
2024-09-13,22:13:33,1.8,19.471,-99.1822,1.5,"1 km al SUR de AZCAPOTZALCO, CDMX",2024-09-14,04:13:33,revisado
2024-09-16,12:55:42,2.0,19.3977,-99.1792,1.0,"2 km al SURESTE de MIGUEL HIDALGO, CDMX",2024-09-16,18:55:42,revisado
2024-09-17,12:54:07,1.7,19.3705,-99.2232,1.0,"4 km al SUROESTE de V ALVARO OBREGON, CDMX",2024-09-17,18:54:07,revisado
2024-09-18,02:01:25,2.0,19.374,-99.2118,1.9,"3 km al SUROESTE de V ALVARO OBREGON, CDMX",2024-09-18,08:01:25,revisado
2024-09-26,00:39:05,2.5,19.385,-99.182,1.8,"3 km al SURESTE de V ALVARO OBREGON, CDMX",2024-09-26,06:39:05,revisado
2024-09-26,05:13:16,2.1,19.39,-99.184,1.5,"2 km al SURESTE de MIGUEL HIDALGO, CDMX",2024-09-26,11:13:16,revisado
2024-09-26,05:21:31,1.1,19.405,-99.186,1.2,"1 km al SURESTE de MIGUEL HIDALGO, CDMX",2024-09-26,11:21:31,revisado
2024-09-26,05:31:05,1.0,19.419,-99.167,1.0,"2 km al NOROESTE de BENITO JUAREZ, CDMX",2024-09-26,11:31:05,revisado
2024-09-26,05:39:14,1.5,19.395,-99.187,1.4,"1 km al SURESTE de MIGUEL HIDALGO, CDMX",2024-09-26,11:39:14,revisado
2024-09-26,10:26:33,2.7,19.383,-99.1775,1.1,"3 km al SUROESTE de BENITO JUAREZ, CDMX",2024-09-26,16:26:33,revisado
2024-09-26,10:59:09,0.8,19.386,-99.18,0.5,"3 km al SURESTE de MIGUEL HIDALGO, CDMX",2024-09-26,16:59:09,revisado
2024-09-26,11:17:14,1.0,19.386,-99.18,1.0,"3 km al SURESTE de MIGUEL HIDALGO, CDMX",2024-09-26,17:17:14,revisado
2024-09-26,11:38:00,1.4,19.386,-99.18,1.0,"3 km al SURESTE de MIGUEL HIDALGO, CDMX",2024-09-26,17:38:00,revisado
2024-09-26,11:41:48,2.0,19.409,-99.168,1.0,"1 km al NOROESTE de BENITO JUAREZ, CDMX",2024-09-26,17:41:48,revisado
2024-09-26,12:03:03,1.0,19.403,-99.171,1.0,"1 km al OESTE de BENITO JUAREZ, CDMX",2024-09-26,18:03:03,revisado
2024-09-26,13:45:34,0.9,19.403,-99.171,1.0,"1 km al OESTE de BENITO JUAREZ, CDMX",2024-09-26,19:45:34,revisado
2024-09-26,14:31:21,1.3,19.408,-99.174,1.0,"2 km al NOROESTE de BENITO JUAREZ, CDMX",2024-09-26,20:31:21,revisado
2024-09-26,18:29:46,1.4,19.389,-99.196,1.0,"1 km al SURESTE de V ALVARO OBREGON, CDMX",2024-09-27,00:29:46,revisado
2024-09-26,19:51:50,1.6,19.387,-99.186,1.1,"2 km al SURESTE de V ALVARO OBREGON, CDMX",2024-09-27,01:51:50,revisado
2024-09-26,20:00:26,1.0,19.403,-99.171,1.0,"1 km al OESTE de BENITO JUAREZ, CDMX",2024-09-27,02:00:26,revisado
2024-09-26,23:16:49,1.4,19.391,-99.197,1.0,"1 km al SURESTE de V ALVARO OBREGON, CDMX",2024-09-27,05:16:49,revisado
2024-09-26,23:30:59,2.7,19.42,-99.149,1.1,"2 km al NORESTE de BENITO JUAREZ, CDMX",2024-09-27,05:30:59,revisado
2024-09-26,23:57:05,1.2,19.383,-99.184,1.6,"3 km al SURESTE de V ALVARO OBREGON, CDMX",2024-09-27,05:57:05,revisado
2024-09-27,00:29:38,1.6,19.368,-99.2,0.9,"4 km al SUR de V ALVARO OBREGON, CDMX",2024-09-27,06:29:38,revisado
2024-09-27,03:57:35,2.5,19.384,-99.2,1.6,"2 km al SUR de V ALVARO OBREGON, CDMX",2024-09-27,09:57:35,revisado
2024-09-27,13:47:00,1.4,19.417,-99.166,1.3,"2 km al NOROESTE de BENITO JUAREZ, CDMX",2024-09-27,19:47:00,revisado
2024-09-27,17:51:43,2.0,19.379,-99.199,1.3,"2 km al SUR de V ALVARO OBREGON, CDMX",2024-09-27,23:51:43,revisado
2024-09-27,20:43:56,1.9,19.382,-99.198,1.0,"2 km al SUR de V ALVARO OBREGON, CDMX",2024-09-28,02:43:56,revisado
2024-10-07,15:41:11,2.0,19.379,-99.184,1.3,"3 km al SURESTE de V ALVARO OBREGON, CDMX",2024-10-07,21:41:11,revisado
2024-10-11,01:21:14,2.4,19.17,-99.0483,7.5,"3 km al SURESTE de S PABLO OZTOTEPEC, CDMX",2024-10-11,07:21:14,revisado
2024-10-13,20:13:19,2.2,19.246,-99.1287,1.0,"3 km al SURESTE de XOCHIMILCO, CDMX",2024-10-14,02:13:19,revisado
2024-10-13,21:44:47,1.5,19.1997,-99.2123,4.0,"2 km al SUROESTE de S MIGUEL AJUSCO, CDMX",2024-10-14,03:44:47,revisado
2024-10-14,10:25:00,1.2,19.2053,-99.2042,5.0,"1 km al SUR de S MIGUEL AJUSCO, CDMX",2024-10-14,16:25:00,revisado
2024-10-15,04:15:53,2.2,19.2097,-99.218,6.0,"2 km al SUROESTE de S MIGUEL AJUSCO, CDMX",2024-10-15,10:15:53,revisado
2024-10-15,07:06:51,1.0,19.1913,-99.2435,7.0,"5 km al SUROESTE de S MIGUEL AJUSCO, CDMX",2024-10-15,13:06:51,revisado
2024-10-20,04:33:50,2.5,19.4458,-99.1432,1.0,"menos de 1 km al NORESTE de CUAUHTEMOC, CDMX",2024-10-20,10:33:50,revisado
2024-10-21,02:32:03,1.5,19.2753,-99.2157,2.3,"4 km al SUR de TLALPAN, CDMX",2024-10-21,08:32:03,revisado
2024-10-21,08:37:30,1.5,19.2185,-99.2125,4.0,"1 km al OESTE de S MIGUEL AJUSCO, CDMX",2024-10-21,14:37:30,revisado
2024-10-21,11:11:43,1.7,19.2143,-99.2017,3.0,"menos de 1 km al SURESTE de S MIGUEL AJUSCO, CDMX",2024-10-21,17:11:43,revisado
2024-10-23,11:53:31,1.4,19.423,-99.204,0.8,"2 km al NOROESTE de MIGUEL HIDALGO, CDMX",2024-10-23,17:53:31,revisado
2024-11-02,03:03:02,2.2,19.3518,-99.0857,2.0,"1 km al SURESTE de IZTAPALAPA, CDMX",2024-11-02,09:03:02,revisado
2024-11-02,03:04:45,1.8,19.342,-99.093,2.0,"2 km al SUR de IZTAPALAPA, CDMX",2024-11-02,09:04:45,revisado
2024-11-17,15:01:11,1.7,19.3775,-99.2178,3.0,"3 km al SUROESTE de V ALVARO OBREGON, CDMX",2024-11-17,21:01:11,revisado
2024-11-18,00:10:05,1.6,19.3883,-99.2223,3.9,"3 km al SUROESTE de V ALVARO OBREGON, CDMX",2024-11-18,06:10:05,revisado
2024-11-18,21:22:49,2.2,19.4757,-99.2002,1.7,"2 km al SUROESTE de AZCAPOTZALCO, CDMX",2024-11-19,03:22:49,revisado
2024-11-19,05:05:59,1.6,19.3818,-99.2172,1.9,"3 km al SUROESTE de V ALVARO OBREGON, CDMX",2024-11-19,11:05:59,revisado
2024-11-19,05:07:44,1.9,19.3835,-99.221,1.4,"3 km al SUROESTE de V ALVARO OBREGON, CDMX",2024-11-19,11:07:44,revisado
2024-11-19,08:16:57,1.4,19.3508,-99.1302,2.5,"3 km al ESTE de COYOACAN, CDMX",2024-11-19,14:16:57,revisado
2024-11-20,23:43:34,1.9,19.3727,-99.2122,0.6,"3 km al SUROESTE de V ALVARO OBREGON, CDMX",2024-11-21,05:43:34,revisado
2024-11-22,22:58:52,1.9,19.398,-99.163,1.7,"1 km al SUROESTE de BENITO JUAREZ, CDMX",2024-11-23,04:58:52,revisado
2024-11-24,04:41:32,1.5,19.388,-99.161,1.0,"2 km al SUR de BENITO JUAREZ, CDMX",2024-11-24,10:41:32,revisado
2024-11-24,04:42:00,2.3,19.383,-99.164,1.6,"2 km al SUROESTE de BENITO JUAREZ, CDMX",2024-11-24,10:42:00,revisado
2024-11-24,06:10:55,1.9,19.3858,-99.1625,1.4,"2 km al SUR de BENITO JUAREZ, CDMX",2024-11-24,12:10:55,revisado
2024-12-15,10:24:23,2.2,19.397,-99.155,1.6,"1 km al SURESTE de BENITO JUAREZ, CDMX",2024-12-15,16:24:23,revisado
2024-12-15,11:02:09,1.3,19.368,-99.154,0.9,"2 km al NORESTE de COYOACAN, CDMX",2024-12-15,17:02:09,revisado
"Fecha y hora local en tiempo del centro de Mexico. Coordenadas geograficas (latitud y longitud) del epicentro en grados decimales. Profundidad en kilometros."
"La localizacion es solo una referencia a una localidad importante en cuanto a numero de habitantes y cercana al epicentro."
"Los registros con estatus verificado son los calculados y publicados de manera oportuna por al menos un analista de sismogramas."
"Los registros obtienen estatus revisado cuando se realiza un analisis, de ser posible, con mas y mejores datos para el calculo de parametros y cuyo tiempo de publicacion es variable."
"Esta informacion puede ser reproducida con fines no lucrativos siempre y cuando se mencione como fuente al Servicio Sismologico Nacional. De otra forma, requiere permiso previo por escrito de la institucion."
"Consulta nuestro Aviso Legal y Terminos de Uso en: www.ssn.unam.mx/aviso-legal"
"www.ssn.unam.mx | contacto@sismologico.unam.mx | 5622 2222 ext. 38706 (reportes de sismicidad), 38700 y 38701 (area administrativa)."